characteristic,bin,count,count_pct,event_rate,woe,coefficient,points
fico,"(-inf, 664.50)",17234,0.0936152183123839,0.18562144597887897,-0.4054045275025677,-0.607309921616658,38
fico,"[664.50, 674.50)",34179,0.1856605864395363,0.16875859445858568,-0.28966948221141364,-0.607309921616658,40
fico,"[674.50, 689.50)",43162,0.234456310363184,0.15133682405819934,-0.15996607466652812,-0.607309921616658,42
fico,"[689.50, 699.50)",24086,0.13083533412278509,0.13003404467325416,0.016537304453184243,-0.607309921616658,45
fico,"[699.50, 714.50)",26796,0.14555607461405587,0.1109120764293178,0.197337872737108,-0.607309921616658,49
fico,"[714.50, 729.50)",16491,0.08957923669429747,0.08465223455217998,0.4966320824695889,-0.607309921616658,54
fico,"[729.50, 754.50)",12493,0.06786207046400208,0.06787801168654446,0.7356310701775057,-0.607309921616658,58
fico,"[754.50, inf)",9653,0.05243516898975523,0.04537449497565524,1.1622484833784452,-0.607309921616658,65
annual_inc,"(-inf, 27297.50)",10408,0.0565363346985779,0.21320138355111454,-0.5783853300114383,-0.47130056226636147,37
annual_inc,"[27297.50, 40466.27)",29735,0.1615207448368768,0.17635782747603834,-0.342899339126995,-0.47130056226636147,40
annual_inc,"[40466.27, 50003.50)",27332,0.14846763066694188,0.14905605151470802,-0.14209663528279481,-0.47130056226636147,43
annual_inc,"[50003.50, 62678.00)",28472,0.15466011928688606,0.1333590896319191,-0.012541172279152413,-0.47130056226636147,45
annual_inc,"[62678.00, 76334.50)",27628,0.15007550490510282,0.11763428405964962,0.13090561354296604,-0.47130056226636147,47
annual_inc,"[76334.50, 86345.50)",14579,0.07919323823698762,0.10624871390355992,0.2455243533529896,-0.47130056226636147,48
annual_inc,"[86345.50, 111145.50)",23264,0.12637022390735167,0.09448074277854196,0.3759920340838878,-0.47130056226636147,50
annual_inc,"[111145.50, inf)",22676,0.12317620346127522,0.0861704004233551,0.4771969078599363,-0.47130056226636147,52
total_bc_limit,"(-inf, 3475.00)",18343,0.09963931469792606,0.17892384015700813,-0.3604648477872201,-0.2493346542173748,43
total_bc_limit,"[3475.00, 8491.00)",41684,0.22642780318750202,0.1580462527588523,-0.21128312480051337,-0.2493346542173748,44
total_bc_limit,"[8491.00, 13065.00)",31788,0.17267265636033766,0.143230149742041,-0.09540392186603963,-0.2493346542173748,44
total_bc_limit,"[13065.00, 15802.50)",14282,0.07757993199126534,0.13114409746534098,0.006760115981498727,-0.2493346542173748,45
total_bc_limit,"[15802.50, 20645.00)",19148,0.10401208078481645,0.12262377271777732,0.08369450809433077,-0.2493346542173748,46
total_bc_limit,"[20645.00, 28457.00)",20543,0.11158973133290602,0.11381005695370686,0.16827994222848774,-0.2493346542173748,46
total_bc_limit,"[28457.00, 55858.00)",28320,0.15383445413756017,0.09396186440677966,0.38207191892216974,-0.2493346542173748,48
total_bc_limit,"[55858.00, inf)",9986,0.05424402750768629,0.06429000600841178,0.7937809250290147,-0.2493346542173748,51
avg_cur_bal,"(-inf, 2598.50)",43292,0.2351624713461601,0.16668206597061813,-0.27479343480589336,-0.386350277770303,42
avg_cur_bal,"[2598.50, 5280.50)",39881,0.2166338935543798,0.1492440009026855,-0.14357766796127103,-0.386350277770303,44
avg_cur_bal,"[5280.50, 8660.50)",21300,0.11570176105685138,0.13849765258215962,-0.05629607220018151,-0.386350277770303,45
avg_cur_bal,"[8660.50, 13094.50)",18036,0.09797168837659022,0.12802173430915945,0.03444397378719777,-0.386350277770303,46
avg_cur_bal,"[13094.50, 18740.50)",18689,0.10151878931415473,0.11290063673818825,0.17732841042032055,-0.386350277770303,47
avg_cur_bal,"[18740.50, 27424.50)",19387,0.10531033059198018,0.09975756950533862,0.3158006802625648,-0.386350277770303,49
avg_cur_bal,"[27424.50, 40308.00)",13610,0.07392962291003509,0.0849375459221161,0.4929556098510419,-0.386350277770303,51
avg_cur_bal,"[40308.00, inf)",9894,0.053744282812041674,0.0663028097837073,0.7607994256974293,-0.386350277770303,54
avg_cur_bal,Missing,5,2.7160037806772626e-05,0.4,-1.478655368240868,-0.386350277770303,29
dti,"(-inf, 10.66)",40981,0.2226091018718698,0.10158366072082184,0.2956304114624997,-0.7282143967533167,51
dti,"[10.66, 14.68)",32998,0.17924538550957664,0.11191587368931451,0.1871985377089338,-0.7282143967533167,49
dti,"[14.68, 15.77)",9297,0.05050137429791302,0.12014628374744542,0.10692515417855941,-0.7282143967533167,47
dti,"[15.77, 19.34)",29292,0.15911436548719676,0.12836269288542948,0.031393133642975135,-0.7282143967533167,46
dti,"[19.34, 21.39)",15277,0.08298477951481309,0.14171630555737383,-0.08301299636195703,-0.7282143967533167,43
dti,"[21.39, 25.39)",24566,0.13344269775223527,0.15366767076447121,-0.1780006582887692,-0.7282143967533167,41
dti,"[25.39, 29.18)",17160,0.09321324975284366,0.16987179487179488,-0.2975843282016166,-0.7282143967533167,39
dti,"[29.18, inf)",14523,0.07888904581355177,0.18570543276182608,-0.4059600231079872,-0.7282143967533167,37
mort_acc,"(-inf, 0.50)",77969,0.423528197551251,0.15931972963613744,-0.22082212791414624,-0.09211898447577366,45
mort_acc,"[0.50, 1.50)",29490,0.16018990298434496,0.12845032214309934,0.030610158212085237,-0.09211898447577366,45
mort_acc,"[1.50, 2.50)",24299,0.1319923517333536,0.11449030824313758,0.16155275052103057,-0.09211898447577366,46
mort_acc,"[2.50, 3.50)",18459,0.10026942757504319,0.10542282897231703,0.2542514893680057,-0.09211898447577366,46
mort_acc,"[3.50, 4.50)",13576,0.07374493465294904,0.10378609310548026,0.2717266595397363,-0.09211898447577366,46
mort_acc,"[4.50, inf)",20301,0.11027518550305822,0.09546327767105069,0.3645607807194353,-0.09211898447577366,46
home_ownership,['ANY' 'MORTGAGE'],88535,0.4809227894445229,0.10835262890382334,0.22355926342691346,-0.2244807102621006,47
home_ownership,['OWN'],17671,0.09598900561669582,0.14056929432403373,-0.073550841672132,-0.2244807102621006,45
home_ownership,['RENT'],77888,0.4230882049387813,0.1567378800328677,-0.20141748574696083,-0.2244807102621006,44
percent_bc_gt_75,"(-inf, 0.07)",32298,0.17544298021662846,0.09836522385287015,0.3314017317617872,-0.4355497752934559,49
percent_bc_gt_75,"[0.07, 29.70)",24804,0.13473551555183766,0.11010320915981293,0.20556682331847442,-0.4355497752934559,48
percent_bc_gt_75,"[29.70, 35.50)",13550,0.07360370245635382,0.12317343173431734,0.07859536444741999,-0.4355497752934559,46
percent_bc_gt_75,"[35.50, 52.30)",31950,0.17355264158527708,0.13248826291079813,-0.00498549453110142,-0.4355497752934559,45
percent_bc_gt_75,"[52.30, 69.60)",22995,0.12490901387334731,0.14394433572515763,-0.10121174134230304,-0.4355497752934559,44
percent_bc_gt_75,"[69.60, 81.50)",15321,0.08322378784751268,0.1537105933033092,-0.1783306570646095,-0.4355497752934559,43
percent_bc_gt_75,"[81.50, inf)",41307,0.2243799363368714,0.1580119592320914,-0.21102538707597596,-0.4355497752934559,42
percent_bc_gt_75,Missing,1869,0.010152422132171608,0.1514178705189941,-0.16059697179747667,-0.4355497752934559,43
mo_sin_rcnt_tl,"(-inf, 1.50)",18010,0.097830456179995,0.16896168795113825,-0.2911165697168563,-0.742162814894281,39
mo_sin_rcnt_tl,"[1.50, 2.50)",19075,0.10361554423283757,0.1546002621231979,-0.18515372991934131,-0.742162814894281,41
mo_sin_rcnt_tl,"[2.50, 4.50)",35409,0.1923419557400024,0.1467141122313536,-0.12351170777869003,-0.742162814894281,42
mo_sin_rcnt_tl,"[4.50, 5.50)",14430,0.0783838691103458,0.1363825363825364,-0.03845426085706394,-0.742162814894281,44
mo_sin_rcnt_tl,"[5.50, 7.50)",24730,0.1343335469922974,0.1286291953093409,0.029013322644734663,-0.742162814894281,46
mo_sin_rcnt_tl,"[7.50, 13.50)",42833,0.2326691798754984,0.11897368851119464,0.11806465090595042,-0.742162814894281,48
mo_sin_rcnt_tl,"[13.50, 19.50)",15096,0.08200158614620792,0.10254372019077901,0.2851546834389578,-0.742162814894281,51
mo_sin_rcnt_tl,"[19.50, inf)",14511,0.07882386172281552,0.08993177589414926,0.43034775464869046,-0.742162814894281,54
mo_sin_old_rev_tl_op,"(-inf, 77.50)",16454,0.08937825241452736,0.18700619910052266,-0.4145387583754878,-0.4217212360295204,40
mo_sin_old_rev_tl_op,"[77.50, 94.50)",12888,0.07000771345073713,0.15844196151458723,-0.21425384767263744,-0.4217212360295204,43
mo_sin_old_rev_tl_op,"[94.50, 119.50)",21390,0.1161906417373733,0.1461430575035063,-0.11894279912082295,-0.4217212360295204,44
mo_sin_old_rev_tl_op,"[119.50, 143.50)",22099,0.12004193509837366,0.13616000724014662,-0.03656363625928449,-0.4217212360295204,45
mo_sin_old_rev_tl_op,"[143.50, 153.50)",9867,0.0535976186078851,0.12840782405999798,0.0309898255714276,-0.4217212360295204,46
mo_sin_old_rev_tl_op,"[153.50, 203.50)",41802,0.22706878007974188,0.12351083680206688,0.07547496461051661,-0.4217212360295204,46
mo_sin_old_rev_tl_op,"[203.50, 227.50)",13932,0.07567872934479125,0.12180591444157336,0.09131823429351327,-0.4217212360295204,46
mo_sin_old_rev_tl_op,"[227.50, inf)",45662,0.24803632926657035,0.1073978362752398,0.23348046445427695,-0.4217212360295204,48
inq_last_6mths,"(-inf, 0.50)",97379,0.5289634643171424,0.11570256420788877,0.14965019901343402,-0.7805880459534154,48
inq_last_6mths,"[0.50, 1.50)",51883,0.28182884830575683,0.1394098259545516,-0.0639200568936682,-0.7805880459534154,44
inq_last_6mths,"[1.50, 2.50)",21772,0.11826566862581073,0.16231857431563476,-0.2430435207350634,-0.7805880459534154,40
inq_last_6mths,"[2.50, inf)",13060,0.0709420187512901,0.1723583460949464,-0.3151159178395617,-0.7805880459534154,38
revol_util,"(-inf, 21.05)",14559,0.07908459808576053,0.09567964832749502,0.36205757789898385,-0.16582543349141773,47
revol_util,"[21.05, 37.25)",28212,0.15324779732093388,0.11534098964979442,0.15318892693978414,-0.16582543349141773,46
revol_util,"[37.25, 43.05)",13799,0.0749562723391311,0.12312486412058844,0.079045133563868,-0.16582543349141773,46
revol_util,"[43.05, 50.55)",19757,0.10732017338968136,0.1301817077491522,0.015232627577391744,-0.16582543349141773,45
revol_util,"[50.55, 63.15)",35467,0.19265701217856096,0.1350551216623904,-0.027137699626285983,-0.16582543349141773,45
revol_util,"[63.15, 73.25)",26715,0.14511608200158616,0.14003368893879842,-0.069110289991829,-0.16582543349141773,45
revol_util,"[73.25, 86.75)",28373,0.15412235053831194,0.1443625982448102,-0.10460196401326916,-0.16582543349141773,45
revol_util,"[86.75, inf)",17123,0.09301226547307354,0.15949307948373534,-0.22211582219236847,-0.16582543349141773,44
revol_util,Missing,89,0.00048344867296055277,0.10112359550561797,0.3006815809886296,-0.16582543349141773,47
